{"cameraMode":{"drawMode":0,"name":"Shaded","section":"Shading Mode"},"sceneLighting":true,"audioPlay":false,"sceneViewState":{"showFog":true,"showMaterialUpdate":false,"showSkybox":true,"showFlares":true,"showImageEffects":true,"showParticleSystems":true},"in2DMode":false,"pivot":{"x":-9.837298393249512,"y":0.67919921875,"z":6.117651462554932},"rotation":{"x":0.020670877769589425,"y":-0.04138379916548729,"z":-0.000856282829772681,"w":-0.9989296197891235},"size":63.88631820678711,"orthographic":true}